{
	"code": 0,
	"msg": "success",
	"data": {
		"totalMoney": "59",
		"items": [
			{
				"commodity_id": "1174200056",
				"product_name": "小米Note 3 全网通版 4GB内存 亮黑色",
				"product_price": 1799,
				"num": 1,
				"image_url": "//i1.mifile.cn/a1/pms_1511228654.33099308.jpg"
			},
			{
				"commodity_id": "1175000003",
				"product_name": "新小米移动电源2 (10000mAh) 黑色",
				"product_price": 75,
				"num": 1,
				"image_url": "//i1.mifile.cn/a1/pms_1513948456.57461422.jpg"
			},
			{
				"commodity_id": "1161000004",
				"product_name": "小米极简都市双肩包 浅灰",
				"product_price": 129,
				"num": 1,
				"image_url": "//i1.mifile.cn/a1/T1QvJ_Byd_1RXrhCrK.jpg"
			},
			{
				"commodity_id": "1175200003",
				"product_name": "12.5”小米笔记本Air M3 4G 128G 银色 银色",
				"product_price": 3599,
				"num": 1,
				"image_url": "//i1.mifile.cn/a1/pms_1514387870.88251945.jpg"
			},
			{
				"commodity_id": "1171100014",
				"product_name": "小米无线鼠标 黑色",
				"product_price": 64,
				"num": 1,
				"image_url": "//i1.mifile.cn/a1/pms_1490595812.95661863.png"
			},
			{
				"commodity_id": "1173500015",
				"product_name": "小米MIX2 全网通版 6GB内存 黑色陶瓷 64GB 黑色陶瓷",
				"product_price": 2899,
				"num": 1,
				"image_url": "//i1.mifile.cn/a1/pms_1505401464.03824312.jpg"
			}
		]
	}
}